sysid;customerId;addressType;street1;street2;city;zip;zipExtension;state;country;email;phone
1100;100;Business;Carpinteria South;;Topeka;;;;US;Rutherford.Adams@gmail.com;234-555-1212
1101;101;Personnal;Apalachee Parkway;;Albany;;;;US;John.Quincy@gmail.com;234-555-1212
1102;102;Personnal;North Preisker Lane;;Boise;;;;US;James.Harrison@gmail.com;234-555-1212
1103;103;Business;East Fry Blvd.;;Santa Fe;;;;US;Ronald.McKinley@gmail.com;234-555-1212
1104;104;Business;San Luis Obispo North;;Columbia;;;;US;Chester.Ford@gmail.com;234-555-1212
1105;105;Personnal;North Atherton Street;;Richmond;;;;US;Millard.Jackson@gmail.com;234-555-1212
1106;106;Business;Erringer Road;;Baton Rouge;;;;US;John.Truman@gmail.com;234-555-1212
1107;107;Personnal;Katella Avenue;;Oklahoma City;;;;US;William.Hayes@gmail.com;234-555-1212
1108;108;Business;San Luis Obispo North;;Trenton;;;;US;Rutherford.Cleveland@gmail.com;234-555-1212
1109;109;Personnal;Lake Tahoe Blvd.;;Springfield;;;;US;James.Madison@gmail.com;234-555-1212
1110;110;Business;San Simeon;;Indianapolis;;;;US;Grover.Taft@gmail.com;234-555-1212
1111;111;Business;Calle Real;;Jefferson City;;;;US;Grover.Tyler@gmail.com;234-555-1212
1112;112;Personnal;Steele Lane;;Denver;;;;US;Benjamin.Eisenhower@gmail.com;234-555-1212
1113;113;Personnal;Via Real;;Richmond;;;;US;Gerald.Jefferson@gmail.com;234-555-1212
1114;114;Business;Bayshore Freeway;;Santa Fe;;;;US;Chester.Garfield@gmail.com;234-555-1212
1115;115;Business;Richmond Hill;;Hartford;;;;US;William.Fillmore@gmail.com;234-555-1212
1116;116;Personnal;Fontaine Road;;Phoenix;;;;US;Dwight.Madison@gmail.com;234-555-1212
1117;117;Personnal;Katella Avenue;;Columbus;;;;US;Theodore.Cleveland@gmail.com;234-555-1212
1118;118;Business;Bailard Avenue;;Atlanta;;;;US;Dwight.Reagan@gmail.com;234-555-1212
1119;119;Business;Moreno Drive;;Tallahassee;;;;US;Theodore.Roosevelt@gmail.com;234-555-1212
1120;120;Business;South Roosevelt Drive;;Pierre;;;;US;Lyndon.Harrison@gmail.com;234-555-1212
1121;121;Business;Tanger Blvd;;Springfield;;;;US;Benjamin.Jackson@gmail.com;234-555-1212
1122;122;Business;North Preisker Lane;;Boston;;;;US;Rutherford.Tyler@gmail.com;234-555-1212
1123;123;Personnal;South Highway;;Oklahoma City;;;;US;Thomas.Johnson@gmail.com;234-555-1212
1124;124;Business;Erringer Road;;Little Rock;;;;US;Jimmy.Arthur@gmail.com;234-555-1212
1125;125;Business;Carpinteria South;;Atlanta;;;;US;Benjamin.Washington@gmail.com;234-555-1212
1126;126;Business;W. Russell St.;;Lansing;;;;US;Franklin.Clinton@gmail.com;234-555-1212
1127;127;Personnal;East Calle Primera;;Bismarck;;;;US;Dwight.Reagan@gmail.com;234-555-1212
1128;128;Business;Hutchinson Rd;;Harrisburg;;;;US;James.Johnson@gmail.com;234-555-1212
1129;129;Personnal;Calle Real;;Juneau;;;;US;Jimmy.Truman@gmail.com;234-555-1212
1130;130;Business;Camelback Rd;;Concord;;;;US;James.Van Buren@gmail.com;234-555-1212
1131;131;Personnal;North Atherton Street;;Tallahassee;;;;US;Dwight.Madison@gmail.com;234-555-1212
1132;132;Personnal;Carpinteria Avenue;;Little Rock;;;;US;Richard.Jefferson@gmail.com;234-555-1212
1133;133;Personnal;Redwood Highway;;Cheyenne;;;;US;Harry.Taft@gmail.com;234-555-1212
1134;134;Business;Lake Tahoe Blvd.;;Phoenix;;;;US;William.Ford@gmail.com;234-555-1212
1135;135;Business;Fontaine Road;;Salt Lake City;;;;US;Franklin.Harrison@gmail.com;234-555-1212
1136;136;Business;Steele Lane;;Tallahassee;;;;US;John.Adams@gmail.com;234-555-1212
1137;137;Personnal;East 1st Street;;Hartford;;;;US;Theodore.Polk@gmail.com;234-555-1212
1138;138;Business;Moreno Drive;;Providence;;;;US;James.Quincy@gmail.com;234-555-1212
1139;139;Business;San Ysidro Blvd;;Frankfort;;;;US;Jimmy.Taft@gmail.com;234-555-1212
1140;140;Personnal;Via Real;;Pierre;;;;US;Rutherford.Jefferson@gmail.com;234-555-1212
1141;141;Business;Katella Avenue;;Olympia;;;;US;Thomas.Coolidge@gmail.com;234-555-1212
1142;142;Business;Richmond Hill;;Albany;;;;US;Dwight.Van Buren@gmail.com;234-555-1212
1143;143;Business;Jones Road;;Lincoln;;;;US;Benjamin.Nixon@gmail.com;234-555-1212
1144;144;Personnal;East Fry Blvd.;;Little Rock;;;;US;Franklin.Buchanan@gmail.com;234-555-1212
1145;145;Business;Steele Lane;;Frankfort;;;;US;Warren.Monroe@gmail.com;234-555-1212
1146;146;Personnal;Richmond Hill;;Madison;;;;US;Franklin.Madison@gmail.com;234-555-1212
1147;147;Personnal;Lawrenceville Suwanee;;Hartford;;;;US;Franklin.Cleveland@gmail.com;234-555-1212
1148;148;Personnal;Newbury Road;;Saint Paul;;;;US;James.Eisenhower@gmail.com;234-555-1212
1149;149;Business;San Marcos;;Augusta;;;;US;Bill.Johnson@gmail.com;234-555-1212
1150;150;Business;North Preisker Lane;;Topeka;;;;US;Benjamin.Hoover@gmail.com;234-555-1212
1151;151;Personnal;Woodson Rd.;;Lincoln;;;;US;Richard.Roosevelt@gmail.com;234-555-1212
1152;152;Personnal;Santa Rosa North;;Providence;;;;US;Millard.Grant@gmail.com;234-555-1212
1153;153;Business;Carpinteria North;;Juneau;;;;US;Grover.Clinton@gmail.com;234-555-1212
1154;154;Business;Moreno Drive;;Jackson;;;;US;Dwight.Adams@gmail.com;234-555-1212
1155;155;Business;Cerrillos Road;;Atlanta;;;;US;Thomas.McKinley@gmail.com;234-555-1212
1156;156;Business;San Luis Obispo North;;Bismarck;;;;US;Millard.Johnson@gmail.com;234-555-1212
1157;157;Business;Tully Road East;;Jefferson City;;;;US;Herbert.Quincy@gmail.com;234-555-1212
1158;158;Business;North Ventu Park Road;;Tallahassee;;;;US;Franklin.Garfield@gmail.com;234-555-1212
1159;159;Personnal;Pacific Hwy S;;Concord;;;;US;Warren.Hoover@gmail.com;234-555-1212
1160;160;Business;Steele Lane;;Saint Paul;;;;US;George.Roosevelt@gmail.com;234-555-1212
1161;161;Personnal;Cleveland Ave.;;Hartford;;;;US;Dwight.Tyler@gmail.com;234-555-1212
1162;162;Personnal;Santa Ana Freeway;;Phoenix;;;;US;Ronald.Roosevelt@gmail.com;234-555-1212
1163;163;Personnal;Burnett Road;;Lincoln;;;;US;John.Adams@gmail.com;234-555-1212
1164;164;Business;Erringer Road;;Tallahassee;;;;US;Lyndon.Jackson@gmail.com;234-555-1212
1165;165;Personnal;Lindbergh Blvd;;Columbia;;;;US;Martin.Quincy@gmail.com;234-555-1212
1166;166;Personnal;San Luis Obispo North;;Olympia;;;;US;William.Harding@gmail.com;234-555-1212
1167;167;Business;Lawrenceville Suwanee;;Augusta;;;;US;Harry.McKinley@gmail.com;234-555-1212
1168;168;Business;W. Russell St.;;Lansing;;;;US;Rutherford.Washington@gmail.com;234-555-1212
1169;169;Business;Jones Road;;Helena;;;;US;Rutherford.Taylor@gmail.com;234-555-1212
1170;170;Business;North Ventu Park Road;;Salem;;;;US;Gerald.Arthur@gmail.com;234-555-1212
1171;171;Business;Greenwood Road;;Sacramento;;;;US;Millard.Jackson@gmail.com;234-555-1212
1172;172;Business;Santa Rosa North;;Jefferson City;;;;US;Grover.Polk@gmail.com;234-555-1212
1173;173;Business;Pacific Hwy S;;Little Rock;;;;US;Bill.Washington@gmail.com;234-555-1212
1174;174;Personnal;Santa Monica Road;;Trenton;;;;US;Woodrow.Nixon@gmail.com;234-555-1212
1175;175;Personnal;Westside Freeway;;Montpelier;;;;US;Woodrow.Quincy@gmail.com;234-555-1212
1176;176;Personnal;Carpinteria South;;Oklahoma City;;;;US;Ronald.Cleveland@gmail.com;234-555-1212
1177;177;Personnal;Santa Rosa North;;Denver;;;;US;Ronald.Carter@gmail.com;234-555-1212
1178;178;Business;Woodson Rd.;;Madison;;;;US;Herbert.Adams@gmail.com;234-555-1212
1179;179;Personnal;N Harrison St;;Lansing;;;;US;Grover.Nixon@gmail.com;234-555-1212
1180;180;Business;San Marcos;;Nashville;;;;US;George.Adams@gmail.com;234-555-1212
1181;181;Personnal;San Marcos;;Lincoln;;;;US;George.Coolidge@gmail.com;234-555-1212
1182;182;Business;Jean de la Fontaine;;Denver;;;;US;William.Carter@gmail.com;234-555-1212
1183;183;Business;Carpinteria Avenue;;Salt Lake City;;;;US;Thomas.Monroe@gmail.com;234-555-1212
1184;184;Personnal;Cleveland Ave.;;Providence;;;;US;Herbert.Cleveland@gmail.com;234-555-1212
1185;185;Business;Bowles Avenue;;Phoenix;;;;US;Benjamin.Carter@gmail.com;234-555-1212
1186;186;Business;East 1st Street;;Frankfort;;;;US;Chester.Adams@gmail.com;234-555-1212
1187;187;Business;Tanger Blvd;;Pierre;;;;US;Ulysses.Reagan@gmail.com;234-555-1212
1188;188;Personnal;Camelback Rd;;Lincoln;;;;US;Ulysses.Reagan@gmail.com;234-555-1212
1189;189;Personnal;Cleveland Ave.;;Boston;;;;US;Richard.Eisenhower@gmail.com;234-555-1212
1190;190;Personnal;Lawrenceville Suwanee;;Hartford;;;;US;Lyndon.Grant@gmail.com;234-555-1212
1191;191;Business;Camelback Rd;;Nashville;;;;US;Gerald.Adams@gmail.com;234-555-1212
1192;192;Personnal;North Ventu Park Road;;Augusta;;;;US;Jimmy.Carter@gmail.com;234-555-1212
1193;193;Personnal;Santa Rosa South;;Olympia;;;;US;William.Garfield@gmail.com;234-555-1212
1194;194;Business;W. Russell St.;;Pierre;;;;US;Abraham.Polk@gmail.com;234-555-1212
1195;195;Business;Harry S Truman Blvd;;Harrisburg;;;;US;Franklin.Nixon@gmail.com;234-555-1212
1196;196;Personnal;Steele Lane;;Tallahassee;;;;US;Dwight.Jefferson@gmail.com;234-555-1212
1197;197;Business;Padre Boulevard;;Harrisburg;;;;US;Dwight.Jackson@gmail.com;234-555-1212
1198;198;Personnal;San Marcos;;Springfield;;;;US;Chester.Hayes@gmail.com;234-555-1212
1199;199;Business;East Fry Blvd.;;Olympia;;;;US;Benjamin.Garfield@gmail.com;234-555-1212
